<?xml version="1.0" encoding="UTF-8"?>
<GenRun Id="impl_1" LaunchPart="xc7k70tfbv676-1" LaunchTime="1652684888">
  <File Type="PWROPT-DRC" Name="project_reti_logiche_drc_pwropted.rpt"/>
  <File Type="OPT-METHODOLOGY-DRC" Name="project_reti_logiche_methodology_drc_opted.rpt"/>
  <File Type="INIT-TIMING" Name="project_reti_logiche_timing_summary_init.rpt"/>
  <File Type="ROUTE-PWR-RPX" Name="project_reti_logiche_power_routed.rpx"/>
  <File Type="PA-TCL" Name="project_reti_logiche.tcl"/>
  <File Type="OPT-HWDEF" Name="project_reti_logiche.hwdef"/>
  <File Type="RDI-RDI" Name="project_reti_logiche.vdi"/>
  <File Type="OPT-DCP" Name="project_reti_logiche_opt.dcp"/>
  <File Type="OPT-DRC" Name="project_reti_logiche_drc_opted.rpt"/>
  <File Type="OPT-TIMING" Name="project_reti_logiche_timing_summary_opted.rpt"/>
  <File Type="PWROPT-DCP" Name="project_reti_logiche_pwropt.dcp"/>
  <File Type="PWROPT-TIMING" Name="project_reti_logiche_timing_summary_pwropted.rpt"/>
  <File Type="PLACE-DCP" Name="project_reti_logiche_placed.dcp"/>
  <File Type="PLACE-IO" Name="project_reti_logiche_io_placed.rpt"/>
  <File Type="PLACE-CLK" Name="project_reti_logiche_clock_utilization_placed.rpt"/>
  <File Type="PLACE-UTIL" Name="project_reti_logiche_utilization_placed.rpt"/>
  <File Type="PLACE-UTIL-PB" Name="project_reti_logiche_utilization_placed.pb"/>
  <File Type="PLACE-CTRL" Name="project_reti_logiche_control_sets_placed.rpt"/>
  <File Type="PLACE-SIMILARITY" Name="project_reti_logiche_incremental_reuse_placed.rpt"/>
  <File Type="PLACE-PRE-SIMILARITY" Name="project_reti_logiche_incremental_reuse_pre_placed.rpt"/>
  <File Type="PLACE-TIMING" Name="project_reti_logiche_timing_summary_placed.rpt"/>
  <File Type="POSTPLACE-PWROPT-DCP" Name="project_reti_logiche_postplace_pwropt.dcp"/>
  <File Type="POSTPLACE-PWROPT-TIMING" Name="project_reti_logiche_timing_summary_postplace_pwropted.rpt"/>
  <File Type="PHYSOPT-DCP" Name="project_reti_logiche_physopt.dcp"/>
  <File Type="PHYSOPT-DRC" Name="project_reti_logiche_drc_physopted.rpt"/>
  <File Type="PHYSOPT-TIMING" Name="project_reti_logiche_timing_summary_physopted.rpt"/>
  <File Type="ROUTE-ERROR-DCP" Name="project_reti_logiche_routed_error.dcp"/>
  <File Type="ROUTE-DCP" Name="project_reti_logiche_routed.dcp"/>
  <File Type="ROUTE-BLACKBOX-DCP" Name="project_reti_logiche_routed_bb.dcp"/>
  <File Type="ROUTE-DRC" Name="project_reti_logiche_drc_routed.rpt"/>
  <File Type="ROUTE-DRC-PB" Name="project_reti_logiche_drc_routed.pb"/>
  <File Type="BG-BIN" Name="project_reti_logiche.bin"/>
  <File Type="ROUTE-DRC-RPX" Name="project_reti_logiche_drc_routed.rpx"/>
  <File Type="BG-DRC" Name="project_reti_logiche.drc"/>
  <File Type="ROUTE-METHODOLOGY-DRC" Name="project_reti_logiche_methodology_drc_routed.rpt"/>
  <File Type="BITSTR-MSK" Name="project_reti_logiche.msk"/>
  <File Type="ROUTE-METHODOLOGY-DRC-RPX" Name="project_reti_logiche_methodology_drc_routed.rpx"/>
  <File Type="BG-BGN" Name="project_reti_logiche.bgn"/>
  <File Type="ROUTE-METHODOLOGY-DRC-PB" Name="project_reti_logiche_methodology_drc_routed.pb"/>
  <File Type="ROUTE-PWR" Name="project_reti_logiche_power_routed.rpt"/>
  <File Type="ROUTE-PWR-SUM" Name="project_reti_logiche_power_summary_routed.pb"/>
  <File Type="ROUTE-STATUS" Name="project_reti_logiche_route_status.rpt"/>
  <File Type="ROUTE-STATUS-PB" Name="project_reti_logiche_route_status.pb"/>
  <File Type="ROUTE-TIMINGSUMMARY" Name="project_reti_logiche_timing_summary_routed.rpt"/>
  <File Type="ROUTE-TIMING-PB" Name="project_reti_logiche_timing_summary_routed.pb"/>
  <File Type="ROUTE-TIMING-RPX" Name="project_reti_logiche_timing_summary_routed.rpx"/>
  <File Type="ROUTE-SIMILARITY" Name="project_reti_logiche_incremental_reuse_routed.rpt"/>
  <File Type="ROUTE-CLK" Name="project_reti_logiche_clock_utilization_routed.rpt"/>
  <File Type="POSTROUTE-PHYSOPT-DCP" Name="project_reti_logiche_postroute_physopt.dcp"/>
  <File Type="POSTROUTE-PHYSOPT-BLACKBOX-DCP" Name="project_reti_logiche_postroute_physopt_bb.dcp"/>
  <File Type="POSTROUTE-PHYSOPT-TIMING" Name="project_reti_logiche_timing_summary_postroute_physopted.rpt"/>
  <File Type="POSTROUTE-PHYSOPT-TIMING-PB" Name="project_reti_logiche_timing_summary_postroute_physopted.pb"/>
  <File Type="POSTROUTE-PHYSOPT-TIMING-RPX" Name="project_reti_logiche_timing_summary_postroute_physopted.rpx"/>
  <File Type="BG-BIT" Name="project_reti_logiche.bit"/>
  <File Type="BITSTR-RBT" Name="project_reti_logiche.rbt"/>
  <File Type="BITSTR-NKY" Name="project_reti_logiche.nky"/>
  <File Type="BITSTR-BMM" Name="project_reti_logiche_bd.bmm"/>
  <File Type="BITSTR-MMI" Name="project_reti_logiche.mmi"/>
  <File Type="BITSTR-SYSDEF" Name="project_reti_logiche.sysdef"/>
  <File Type="WBT-USG" Name="usage_statistics_webtalk.html"/>
  <FileSet Name="sources" Type="DesignSrcs" RelSrcDir="$PSRCDIR/sources_1">
    <Filter Type="Srcs"/>
    <File Path="$PPRDIR/../10704869.vhd">
      <FileInfo>
        <Attr Name="UsedIn" Val="synthesis"/>
        <Attr Name="UsedIn" Val="simulation"/>
      </FileInfo>
    </File>
    <Config>
      <Option Name="DesignMode" Val="RTL"/>
      <Option Name="TopModule" Val="project_reti_logiche"/>
      <Option Name="TopAutoSet" Val="TRUE"/>
    </Config>
  </FileSet>
  <FileSet Name="constrs_in" Type="Constrs" RelSrcDir="$PSRCDIR/constrs_1">
    <Filter Type="Constrs"/>
    <Config>
      <Option Name="ConstrsType" Val="XDC"/>
    </Config>
  </FileSet>
  <Strategy Version="1" Minor="2">
    <StratHandle Name="Vivado Implementation Defaults" Flow="Vivado Implementation 2016">
      <Desc>Default settings for Implementation.</Desc>
    </StratHandle>
    <Step Id="init_design"/>
    <Step Id="opt_design"/>
    <Step Id="power_opt_design"/>
    <Step Id="place_design"/>
    <Step Id="post_place_power_opt_design"/>
    <Step Id="phys_opt_design"/>
    <Step Id="route_design"/>
    <Step Id="post_route_phys_opt_design"/>
    <Step Id="write_bitstream"/>
  </Strategy>
</GenRun>
