<?xml version="1.0" encoding="UTF-8"?>
<GenRun Id="synth_1" LaunchPart="xc7k70tfbv676-1" LaunchTime="1652684869">
  <File Type="RDS-PROPCONSTRS" Name="project_reti_logiche_drc_synth.rpt"/>
  <File Type="PA-TCL" Name="project_reti_logiche.tcl"/>
  <File Type="RDS-RDS" Name="project_reti_logiche.vds"/>
  <File Type="RDS-UTIL" Name="project_reti_logiche_utilization_synth.rpt"/>
  <File Type="RDS-UTIL-PB" Name="project_reti_logiche_utilization_synth.pb"/>
  <File Type="RDS-DCP" Name="project_reti_logiche.dcp"/>
  <File Type="VDS-TIMINGSUMMARY" Name="project_reti_logiche_timing_summary_synth.rpt"/>
  <File Type="VDS-TIMING-PB" Name="project_reti_logiche_timing_summary_synth.pb"/>
  <FileSet Name="sources" Type="DesignSrcs" RelSrcDir="$PSRCDIR/sources_1">
    <Filter Type="Srcs"/>
    <File Path="$PPRDIR/../10704869.vhd">
      <FileInfo>
        <Attr Name="UsedIn" Val="synthesis"/>
        <Attr Name="UsedIn" Val="simulation"/>
      </FileInfo>
    </File>
    <Config>
      <Option Name="DesignMode" Val="RTL"/>
      <Option Name="TopModule" Val="project_reti_logiche"/>
      <Option Name="TopAutoSet" Val="TRUE"/>
    </Config>
  </FileSet>
  <FileSet Name="constrs_in" Type="Constrs" RelSrcDir="$PSRCDIR/constrs_1">
    <Filter Type="Constrs"/>
    <Config>
      <Option Name="ConstrsType" Val="XDC"/>
    </Config>
  </FileSet>
  <Strategy Version="1" Minor="2">
    <StratHandle Name="Vivado Synthesis Defaults" Flow="Vivado Synthesis 2016">
      <Desc>Vivado Synthesis Defaults</Desc>
    </StratHandle>
    <Step Id="synth_design"/>
  </Strategy>
</GenRun>
